"id","favouritecount"
2698139,"0"
2698093,"0"
2698007,"0"
2697963,"0"
2697938,"0"
2697936,"0"
2697845,"0"
2697825,"0"
2697732,"0"
2697716,"0"
2697594,"0"
2697536,"0"
2697492,"0"
2697491,"0"
2697464,"0"
2697341,"0"
2697334,"0"
2697288,"0"
2697218,"0"
2697153,"0"
2697126,"0"
2697005,"0"
2696974,"0"
2696672,"0"
2696669,"0"
2696650,"0"
2696607,"0"
2696535,"0"
2696520,"0"
2696463,"0"
2696369,"0"
2696296,"0"
2696238,"0"
2696235,"0"
2696217,"0"
2696170,"0"
2696160,"0"
2696077,"0"
2696070,"0"
2696029,"0"
2696021,"0"
2695964,"0"
2695913,"0"
2695219,"0"
2695207,"0"
2683453,"0"
2683452,"0"
2683451,"0"
2683450,"0"
2683449,"0"
2683448,"0"
2683446,"0"
2683444,"0"
2683440,"0"
2683435,"0"
2683432,"0"
2683431,"0"
2683425,"0"
2683424,"0"
2683422,"0"
2683421,"0"
2683420,"0"
2683419,"0"
2683418,"0"
2683415,"0"
2683408,"0"
2683406,"0"
2683405,"0"
2683404,"0"
2683402,"0"
2683401,"0"
2683399,"0"
2683397,"0"
2683396,"0"
2683394,"0"
2683393,"0"
2683392,"0"
2683391,"0"
2683389,"0"
2683388,"0"
2683386,"0"
2683384,"0"
2683377,"0"
2683374,"0"
2683371,"0"
2683370,"0"
2683366,"0"
2683360,"0"
2683343,"0"
2683342,"0"
2652732,"0"
2652725,"0"
2651253,"0"
2651251,"0"
2651249,"0"
2651248,"0"
2651247,"0"
2651246,"0"
2651232,"0"
2651224,"0"
2651210,"0"
2651188,"0"
2651178,"0"
2648579,"0"
2622673,"0"
2574950,"0"
2518922,"0"
2517212,"0"
2511861,"0"
2511356,"0"
2497391,"0"
2494148,"0"
2489057,"0"
2488871,"0"
2484630,"0"
2484416,"0"
2482157,"0"
2481054,"0"
2480477,"0"
2476919,"0"
2471559,"0"
2470843,"0"
2470058,"0"
2468320,"0"
2466710,"0"
2464966,"0"
2464247,"0"
2464222,"0"
2463941,"0"
2463842,"0"
2434931,"0"
2434072,"0"
2434068,"0"
2432559,"0"
2432540,"0"
2432172,"0"
2424979,"0"
2411657,"0"
2405895,"0"
2385136,"0"
2378144,"0"
2378043,"0"
2373303,"0"
2371048,"0"
2368306,"0"
2367630,"0"
2365863,"0"
2363857,"0"
2356716,"0"
2351591,"0"
2332568,"0"
2322354,"0"
2312772,"0"
2304721,"0"
2304609,"0"
2304605,"0"
2304544,"0"
2302722,"0"
2301778,"0"
2296899,"0"
2295988,"0"
2292986,"0"
2250102,"0"
2232782,"0"
2232711,"0"
2227521,"0"
2221403,"0"
2221037,"0"
2219268,"0"
2218395,"0"
2217933,"0"
2214893,"0"
2214457,"0"
2213178,"0"
2213103,"0"
2210925,"0"
2210646,"0"
2200312,"0"
2192619,"0"
2191629,"0"
2184881,"0"
2183953,"0"
2183708,"0"
2182966,"0"
2182634,"0"
2175040,"0"
2169894,"0"
2168789,"0"
2168270,"0"
2151664,"0"
2147879,"0"
2135883,"0"
2132174,"0"
2127363,"0"
2123677,"0"
2122886,"0"
2116136,"0"
2114532,"0"
2111650,"0"
2111283,"0"
2111268,"0"
2102895,"0"
2102145,"0"
2102054,"0"
2102050,"0"
2101755,"0"
2101752,"0"
2095793,"0"
2095757,"0"
2094698,"0"
2094273,"0"
2094247,"0"
2092860,"0"
2081154,"0"
2075552,"0"
2073277,"0"
2064438,"0"
2061023,"0"
2049543,"0"
2047458,"0"
2044964,"0"
2043395,"0"
2035084,"0"
2034884,"0"
2034251,"0"
2034220,"0"
2033981,"0"
2032015,"0"
2031580,"0"
2024821,"0"
2024533,"0"
2024512,"0"
2021519,"0"
2019984,"0"
2019840,"0"
2019304,"0"
2018852,"0"
2016506,"0"
2016499,"0"
2015495,"0"
2014972,"0"
2014208,"0"
2012297,"0"
2012293,"0"
2005679,"0"
1997481,"0"
1993007,"0"
1992604,"0"
1981674,"0"
1980695,"0"
1975063,"0"
1969135,"0"
1962076,"0"
1960700,"0"
1957414,"0"
1956124,"0"
1955401,"0"
1953870,"0"
1953037,"0"
1952182,"0"
1951882,"0"
1951851,"0"
1951231,"0"
1949255,"0"
1949129,"0"
1948502,"0"
1947239,"0"
1946771,"0"
1946440,"0"
1944541,"0"
1938248,"0"
1931841,"0"
1931182,"0"
1925737,"0"
1921938,"0"
1918246,"0"
1916927,"0"
1915363,"0"
1910805,"0"
1910044,"0"
1909718,"0"
1909447,"0"
1909393,"0"
1909201,"0"
1909089,"0"
1907923,"0"
1906606,"0"
1906592,"0"
1900033,"0"
1893190,"0"
1892390,"0"
1863489,"0"
1855909,"0"
1853137,"0"
1845663,"0"
1845647,"0"
1845278,"0"
1845268,"0"
1845262,"0"
1843634,"0"
1843049,"0"
1829882,"0"
1820742,"0"
1819599,"0"
1801836,"0"
1788307,"0"
1784979,"0"
1784974,"0"
1784970,"0"
1784433,"0"
1783731,"0"
1783723,"0"
1783244,"0"
1782074,"0"
1781834,"0"
1775495,"0"
1772303,"0"
1771016,"0"
1769619,"0"
1765880,"0"
1763082,"0"
1754430,"0"
1754329,"0"
1752268,"0"
1749576,"0"
1746978,"0"
1741663,"0"
1741090,"0"
1740192,"0"
1737788,"0"
1732958,"0"
1732693,"0"
1729981,"0"
1728452,"0"
1722102,"0"
1721770,"0"
1719412,"0"
1719408,"0"
1718807,"0"
1717851,"0"
1716717,"0"
1716382,"0"
1716368,"0"
1715320,"0"
1715264,"0"
1714338,"0"
1714327,"0"
1712580,"0"
1710876,"0"
1710858,"0"
1707204,"0"
1705998,"0"
1699289,"0"
1696423,"0"
1695316,"0"
1693196,"0"
1693163,"0"
1692810,"0"
1691728,"0"
1690631,"0"
1690060,"0"
1689239,"0"
1688804,"0"
1684558,"0"
1679791,"0"
1679717,"0"
1674317,"0"
1654337,"0"
1644725,"0"
1644384,"0"
1643731,"0"
1642593,"0"
1642496,"0"
1639184,"0"
1639155,"0"
1636675,"0"
1635789,"0"
1615338,"0"
1604141,"0"
1601692,"0"
1590699,"0"
1577588,"0"
1574787,"0"
1569493,"0"
1568418,"0"
1566094,"0"
1564361,"0"
1562743,"0"
1559175,"0"
1552087,"0"
1552078,"0"
1552070,"0"
1552044,"0"
1551926,"0"
1551728,"0"
1544385,"0"
1543795,"0"
1537705,"0"
1537534,"0"
1536926,"0"
1533257,"0"
1530471,"0"
1529503,"0"
1526465,"0"
1525138,"0"
1522200,"0"
1521878,"0"
1521479,"0"
1521318,"0"
1521021,"0"
1520844,"0"
1516114,"0"
1513429,"0"
1510247,"0"
1509515,"0"
1502569,"0"
1498916,"0"
1492519,"0"
1472711,"0"
1466659,"0"
1451222,"0"
1449737,"0"
1439269,"0"
1435568,"0"
1425096,"0"
1417696,"0"
1407177,"0"
1403831,"0"
1393029,"0"
1391129,"0"
1388735,"0"
1384804,"0"
1379815,"0"
1379810,"0"
1379418,"0"
1379345,"0"
1379211,"0"
1379054,"0"
1378910,"0"
1378845,"0"
1378436,"0"
1378401,"0"
1378236,"0"
1378132,"0"
1378101,"0"
1378096,"0"
1377026,"0"
1372735,"0"
1372683,"0"
1367654,"0"
1357357,"0"
1357160,"0"
1356516,"0"
1354076,"0"
1338858,"0"
1328672,"0"
1328226,"0"
1318321,"0"
1318159,"0"
1318131,"0"
1317863,"0"
1316966,"0"
1315417,"0"
1313624,"0"
1313035,"0"
1312210,"0"
1311913,"0"
1311191,"0"
1310934,"0"
1308456,"0"
1308347,"0"
1307848,"0"
1306327,"0"
1306309,"0"
1306031,"0"
1306025,"0"
1305005,"0"
1304736,"0"
1304438,"0"
1302769,"0"
1301485,"0"
1297461,"0"
1294686,"0"
1294674,"0"
1292775,"0"
1292764,"0"
1291505,"0"
1290412,"0"
1285494,"0"
1280664,"0"
1280288,"0"
1279603,"0"
1279291,"0"
1273087,"0"
1262477,"0"
1256177,"0"
1251383,"0"
1238797,"0"
1232321,"0"
1230809,"0"
1227798,"0"
1224382,"0"
1223766,"0"
1223348,"0"
1219662,"0"
1218441,"0"
1202623,"0"
1201556,"0"
1199259,"0"
1198559,"0"
1196264,"0"
1177154,"0"
1163783,"0"
1163202,"0"
1159173,"0"
1157304,"0"
1145855,"0"
1143517,"0"
1143076,"0"
1131697,"0"
1131084,"0"
1128664,"0"
1126669,"0"
1125912,"0"
1122738,"0"
1119662,"0"
1119490,"0"
1118239,"0"
1116734,"0"
1113266,"0"
1112889,"0"
1109697,"0"
1109260,"0"
1108100,"0"
1106614,"0"
1103262,"0"
1099407,"0"
1097799,"0"
1097530,"0"
1097339,"0"
1097111,"0"
1096361,"0"
1096239,"0"
1092657,"0"
1090579,"0"
1088733,"0"
1088524,"0"
1088150,"0"
1082685,"0"
1076859,"0"
1076015,"0"
1074452,"0"
1069147,"0"
1068861,"0"
1068395,"0"
1068393,"0"
1067286,"0"
1066127,"0"
1066126,"0"
1049922,"0"
1048972,"0"
1048815,"0"
1036101,"0"
1035410,"0"
1031635,"0"
1030684,"0"
1023817,"0"
1023664,"0"
1018340,"0"
1018323,"0"
1017444,"0"
1017098,"0"
1017021,"0"
1017020,"0"
1016812,"0"
1006073,"0"
1005748,"0"
1004959,"0"
1004764,"0"
1001661,"0"
1000207,"0"
1000110,"0"
993921,"0"
993920,"0"
993233,"0"
992011,"0"
991779,"0"
991203,"0"
990975,"0"
990468,"0"
988779,"0"
983301,"0"
982351,"0"
982185,"0"
980113,"0"
979884,"0"
979860,"0"
977191,"0"
976289,"0"
976097,"0"
975909,"0"
975277,"0"
973708,"0"
972861,"0"
971007,"0"
970438,"0"
969912,"0"
969519,"0"
969210,"0"
969161,"0"
969142,"0"
968996,"0"
968766,"0"
965630,"0"
964448,"0"
964024,"0"
964023,"0"
964022,"0"
964021,"0"
964020,"0"
963522,"0"
963023,"0"
963022,"0"
962959,"0"
961879,"0"
961792,"0"
961664,"0"
961618,"0"
961057,"0"
960838,"0"
959790,"0"
959332,"0"
958172,"0"
957720,"0"
957454,"0"
941708,"0"
934403,"0"
920633,"0"
884442,"0"
875887,"0"
841773,"0"
834169,"0"
831235,"0"
789938,"0"
776574,"0"
768970,"0"
767240,"0"
766701,"0"
765840,"0"
765740,"0"
765366,"0"
764784,"0"
762426,"0"
760620,"0"
751321,"0"
749798,"0"
749790,"0"
748045,"0"
747618,"0"
747240,"0"
742351,"0"
738134,"0"
735009,"0"
734975,"0"
734872,"0"
730776,"0"
716034,"0"
710538,"0"
708314,"0"
705627,"0"
705626,"0"
701572,"0"
701275,"0"
700870,"0"
694530,"0"
692289,"0"
692082,"0"
690197,"0"
690195,"0"
689635,"0"
689463,"0"
689427,"0"
687689,"0"
687271,"0"
681851,"0"
674417,"0"
672941,"0"
669927,"0"
660466,"0"
656332,"0"
652270,"0"
651530,"0"
651345,"0"
649697,"0"
647715,"0"
647644,"0"
647640,"0"
647635,"0"
647629,"0"
647622,"0"
647620,"0"
647605,"0"
647602,"0"
638209,"0"
637373,"0"
629849,"0"
625119,"0"
613690,"0"
603259,"0"
574673,"0"
571235,"0"
546008,"0"
539611,"0"
537403,"0"
533960,"0"
531822,"0"
529071,"0"
524824,"0"
519451,"0"
510949,"0"
492455,"0"
478138,"0"
462581,"0"
460005,"0"
458894,"0"
456097,"0"
450003,"0"
448890,"0"
448747,"0"
444074,"0"
442533,"0"
438782,"0"
437718,"0"
431540,"0"
431537,"0"
416299,"0"
411363,"0"
411351,"0"
408372,"0"
406210,"0"
404828,"0"
400754,"0"
391525,"0"
385738,"0"
376026,"0"
375126,"0"
374706,"0"
374031,"0"
372558,"0"
370171,"0"
370099,"0"
364847,"0"
364842,"0"
363967,"0"
361002,"0"
360814,"0"
360271,"0"
360085,"0"
359050,"0"
358112,"0"
358093,"0"
358091,"0"
358090,"0"
355946,"0"
333042,"0"
331155,"0"
328621,"0"
325505,"0"
316936,"0"
296862,"0"
285555,"0"
280824,"0"
280334,"0"
276364,"0"
274602,"0"
273566,"0"
273166,"0"
269273,"0"
259270,"0"
253506,"0"
250181,"0"
249121,"0"
243028,"0"
232446,"0"
230602,"0"
228478,"0"
221791,"0"
221426,"0"
219548,"0"
219403,"0"
219401,"0"
219400,"0"
219393,"0"
219390,"0"
218799,"0"
218758,"0"
215042,"0"
212244,"0"
210356,"0"
204492,"0"
204450,"0"
204438,"0"
204429,"0"
204392,"0"
203873,"0"
203855,"0"
203838,"0"
203697,"0"
203510,"0"
203435,"0"
203407,"0"
195390,"0"
178740,"0"
169662,"0"
156296,"0"
153915,"0"
150396,"0"
150043,"0"
142080,"0"
128982,"0"
124441,"0"
124430,"0"
124114,"0"
121760,"0"
121495,"0"
120413,"0"
120018,"0"
119734,"0"
115568,"0"
114156,"0"
110463,"0"
109535,"0"
108257,"0"
103889,"0"
97798,"0"
97486,"0"
96394,"0"
93928,"0"
83782,"0"
83159,"0"
81880,"0"
80296,"0"
73997,"0"
63695,"0"
53398,"0"
51604,"0"
51603,"0"
50618,"0"
50614,"0"
47216,"0"
46253,"0"
45418,"0"
45244,"0"
45243,"0"
44782,"0"
44656,"0"
43090,"0"
42870,"0"
42221,"0"
41860,"0"
41770,"0"
40367,"0"
40366,"0"
40359,"0"
37422,"0"
34893,"0"
33194,"0"
33193,"0"
29469,"0"
29211,"0"
25018,"0"
21560,"0"
20636,"0"
19784,"0"
16871,"0"
16303,"0"
16291,"0"
16290,"0"
16280,"0"
13905,"0"
11706,"0"
11313,"0"
10828,"0"
10411,"0"
8612,"0"
7840,"0"
7423,"0"
7420,"0"
7272,"0"
7271,"0"
7270,"0"
7268,"0"
7267,"0"
7241,"0"
7232,"0"
7114,"0"
6599,"0"
5181,"0"
3983,"0"
2637,"0"
